{
    "rmse": 0.7445091962196333,
    "mae": 0.5864387871895187,
    "r2": 0.15354778410024617
}