{
    "rmse": 0.7246636741159603,
    "mae": 0.5780322461453372,
    "r2": 0.17443389345793325
}